{"mappings":{"baritone/launch/mixins/MixinChunkArray":{"net.minecraft.client.multiplayer.ClientChunkCache$Storage":"net/minecraft/client/multiplayer/ClientChunkCache$Storage"},"baritone/launch/mixins/MixinClientPlayNetHandler":{"Lnet/minecraft/client/player/LocalPlayer;shouldShowDeathScreen()Z":"Lnet/minecraft/client/player/LocalPlayer;m_108632_()Z","handleBlockUpdate":"Lnet/minecraft/client/multiplayer/ClientPacketListener;m_6773_(Lnet/minecraft/network/protocol/game/ClientboundBlockUpdatePacket;)V","handleChunkBlocksUpdate":"Lnet/minecraft/client/multiplayer/ClientPacketListener;m_5771_(Lnet/minecraft/network/protocol/game/ClientboundSectionBlocksUpdatePacket;)V","handleForgetLevelChunk":"Lnet/minecraft/client/multiplayer/ClientPacketListener;m_5729_(Lnet/minecraft/network/protocol/game/ClientboundForgetLevelChunkPacket;)V","handleLevelChunkWithLight":"Lnet/minecraft/client/multiplayer/ClientPacketListener;m_183388_(Lnet/minecraft/network/protocol/game/ClientboundLevelChunkWithLightPacket;)V","handlePlayerCombatKill":"Lnet/minecraft/client/multiplayer/ClientPacketListener;m_142747_(Lnet/minecraft/network/protocol/game/ClientboundPlayerCombatKillPacket;)V","sendChat(Ljava/lang/String;)V":"Lnet/minecraft/client/multiplayer/ClientPacketListener;m_246175_(Ljava/lang/String;)V"},"baritone/launch/mixins/MixinClientPlayerEntity":{"aiStep":"Lnet/minecraft/client/player/LocalPlayer;m_8107_()V","net/minecraft/client/KeyMapping.isDown()Z":"Lnet/minecraft/client/KeyMapping;m_90857_()Z","net/minecraft/client/player/LocalPlayer.isPassenger()Z":"Lnet/minecraft/client/player/LocalPlayer;m_20159_()Z","net/minecraft/client/player/LocalPlayer.sendPosition()V":"Lnet/minecraft/client/player/LocalPlayer;m_108640_()V","net/minecraft/world/entity/player/Abilities.mayfly:Z":"Lnet/minecraft/world/entity/player/Abilities;f_35936_:Z","rideTick":"Lnet/minecraft/client/player/LocalPlayer;m_6083_()V","tick":"Lnet/minecraft/client/player/LocalPlayer;m_8119_()V"},"baritone/launch/mixins/MixinCommandSuggestionHelper":{"updateCommandInfo":"Lnet/minecraft/client/gui/components/CommandSuggestions;m_93881_()V"},"baritone/launch/mixins/MixinEntity":{"moveRelative":"Lnet/minecraft/world/entity/Entity;m_19920_(FLnet/minecraft/world/phys/Vec3;)V"},"baritone/launch/mixins/MixinItemStack":{"setDamageValue":"Lnet/minecraft/world/item/ItemStack;m_41721_(I)V"},"baritone/launch/mixins/MixinLivingEntity":{"jumpFromGround":"Lnet/minecraft/world/entity/LivingEntity;m_6135_()V","net/minecraft/world/entity/LivingEntity.getYRot()F":"Lnet/minecraft/world/entity/LivingEntity;m_146908_()F"},"baritone/launch/mixins/MixinLootContext":{"Lnet/minecraft/server/MinecraftServer;getLootData()Lnet/minecraft/world/level/storage/loot/LootDataManager;":"Lnet/minecraft/server/MinecraftServer;m_278653_()Lnet/minecraft/world/level/storage/loot/LootDataManager;","create":"Lnet/minecraft/world/level/storage/loot/LootContext$Builder;m_287259_(Lnet/minecraft/resources/ResourceLocation;)Lnet/minecraft/world/level/storage/loot/LootContext;","net/minecraft/server/level/ServerLevel.getServer()Lnet/minecraft/server/MinecraftServer;":"Lnet/minecraft/server/level/ServerLevel;m_7654_()Lnet/minecraft/server/MinecraftServer;"},"baritone/launch/mixins/MixinMinecraft":{"Lnet/minecraft/client/Minecraft;screen:Lnet/minecraft/client/gui/screens/Screen;":"Lnet/minecraft/client/Minecraft;f_91080_:Lnet/minecraft/client/gui/screens/Screen;","Lnet/minecraft/client/Options;renderDebug:Z":"Lnet/minecraft/client/Options;f_92063_:Z","setLevel":"Lnet/minecraft/client/Minecraft;m_91156_(Lnet/minecraft/client/multiplayer/ClientLevel;)V","tick":"Lnet/minecraft/client/Minecraft;m_91398_()V"},"baritone/launch/mixins/MixinNetworkManager":{"channelRead0":"Lnet/minecraft/network/Connection;channelRead0(Lio/netty/channel/ChannelHandlerContext;Lnet/minecraft/network/protocol/Packet;)V","net/minecraft/network/Connection.genericsFtw(Lnet/minecraft/network/protocol/Packet;Lnet/minecraft/network/PacketListener;)V":"Lnet/minecraft/network/Connection;m_129517_(Lnet/minecraft/network/protocol/Packet;Lnet/minecraft/network/PacketListener;)V","sendPacket":"Lnet/minecraft/network/Connection;m_129520_(Lnet/minecraft/network/protocol/Packet;Lnet/minecraft/network/PacketSendListener;)V"},"baritone/launch/mixins/MixinPlayerController":{"destroyBlockPos":"f_105191_:Lnet/minecraft/core/BlockPos;","ensureHasSentCarriedItem":"m_105297_()V","isDestroying":"f_105196_:Z"},"baritone/launch/mixins/MixinScreen":{"handleComponentClicked":"Lnet/minecraft/client/gui/screens/Screen;m_5561_(Lnet/minecraft/network/chat/Style;)Z","openLink":"m_96589_(Ljava/net/URI;)V"},"baritone/launch/mixins/MixinWorldRenderer":{"renderLevel":"Lnet/minecraft/client/renderer/LevelRenderer;m_109599_(Lcom/mojang/blaze3d/vertex/PoseStack;FJZLnet/minecraft/client/Camera;Lnet/minecraft/client/renderer/GameRenderer;Lnet/minecraft/client/renderer/LightTexture;Lorg/joml/Matrix4f;)V"}}}
