{"mappings":{"baritone/launch/mixins/MixinChunkArray":{"net.minecraft.client.multiplayer.ClientChunkCache$Storage":"feu$a"},"baritone/launch/mixins/MixinClientPlayNetHandler":{"Lnet/minecraft/client/player/LocalPlayer;shouldShowDeathScreen()Z":"Lfiy;y()Z","handleBlockUpdate":"Lfex;a(Lvb;)V","handleChunkBlocksUpdate":"Lfex;a(Lxh;)V","handleForgetLevelChunk":"Lfex;a(Lvw;)V","handleLevelChunkWithLight":"Lfex;a(Lwd;)V","handlePlayerCombatKill":"Lfex;a(Lww;)V","sendChat(Ljava/lang/String;)V":"Lfex;b(Ljava/lang/String;)V"},"baritone/launch/mixins/MixinClientPlayerEntity":{"aiStep":"Lfiy;b_()V","net/minecraft/client/KeyMapping.isDown()Z":"Lenl;e()Z","net/minecraft/client/player/LocalPlayer.isPassenger()Z":"Lfiy;bM()Z","net/minecraft/client/player/LocalPlayer.sendPosition()V":"Lfiy;K()V","net/minecraft/world/entity/player/Abilities.mayfly:Z":"Lbyl;c:Z","rideTick":"Lfiy;bv()V","tick":"Lfiy;l()V"},"baritone/launch/mixins/MixinCommandSuggestionHelper":{"updateCommandInfo":"Lepl;b()V"},"baritone/launch/mixins/MixinEntity":{"moveRelative":"Lbfj;a(FLeei;)V"},"baritone/launch/mixins/MixinItemStack":{"setDamageValue":"Lcfz;b(I)V"},"baritone/launch/mixins/MixinLivingEntity":{"jumpFromGround":"Lbfz;eW()V","net/minecraft/world/entity/LivingEntity.getYRot()F":"Lbfz;dy()F"},"baritone/launch/mixins/MixinLootContext":{"Lnet/minecraft/server/MinecraftServer;getLootData()Lnet/minecraft/world/level/storage/loot/LootDataManager;":"Lnet/minecraft/server/MinecraftServer;aH()Ldzn;","create":"Ldzk$a;a(Lacq;)Ldzk;","net/minecraft/server/level/ServerLevel.getServer()Lnet/minecraft/server/MinecraftServer;":"Laif;n()Lnet/minecraft/server/MinecraftServer;"},"baritone/launch/mixins/MixinMinecraft":{"Lnet/minecraft/client/Minecraft;screen:Lnet/minecraft/client/gui/screens/Screen;":"Lenn;z:Leuq;","Lnet/minecraft/client/Options;renderDebug:Z":"Lenr;aa:Z","setLevel":"Lenn;a(Lfew;)V","tick":"Lenn;s()V"},"baritone/launch/mixins/MixinNetworkManager":{"channelRead0":"Lsd;a(Lio/netty/channel/ChannelHandlerContext;Luo;)V","net/minecraft/network/Connection.genericsFtw(Lnet/minecraft/network/protocol/Packet;Lnet/minecraft/network/PacketListener;)V":"Lsd;a(Luo;Lsk;)V","sendPacket":"Lsd;b(Luo;Lsl;)V"},"baritone/launch/mixins/MixinPlayerController":{"destroyBlockPos":"d:Lgu;","ensureHasSentCarriedItem":"o()V","isDestroying":"i:Z"},"baritone/launch/mixins/MixinScreen":{"handleComponentClicked":"Leuq;a(Lts;)Z","openLink":"a(Ljava/net/URI;)V"},"baritone/launch/mixins/MixinWorldRenderer":{"renderLevel":"Lfjv;a(Leij;FJZLemz;Lfjq;Lfjw;Lorg/joml/Matrix4f;)V"}}}
